{"IcoMoonType":"selection","icons":[{"icon":{"paths":["M63.249 364.8l552.534 552.533c83.2 83.2 217.6 83.2 300.8 0l552.533-552.533c134.4-134.4 38.4-364.8-151.467-364.8h-1105.067c-189.867 0-283.734 230.4-149.334 364.8z"],"attrs":[{}],"width":1536,"isMulticolor":false,"isMulticolor2":false,"grid":0,"tags":["drop-down-arrow"]},"attrs":[{}],"properties":{"order":2,"id":0,"name":"drop-down-arrow","prevSize":32,"code":59648},"setIdx":0,"setId":3,"iconIdx":0}],"height":1024,"metadata":{"name":"drop-down-arrow"},"preferences":{"showGlyphs":true,"showQuickUse":true,"showQuickUse2":true,"showSVGs":true,"fontPref":{"prefix":"icon-","metadata":{"fontFamily":"drop-down-arrow","majorVersion":1,"minorVersion":0},"metrics":{"emSize":1024,"baseline":6.25,"whitespace":50},"embed":false,"showSelector":true,"selector":"i","showMetrics":true,"showMetadata":true,"showVersion":true},"imagePref":{"prefix":"icon-","png":true,"useClassSelector":true,"color":0,"bgColor":16777215,"classSelector":".icon"},"historySize":50,"showCodes":true,"gridSize":16}}